Method,faith,loc_acc,consist_iou,fidelity,stability,consist_pearson,mean_variance,mean_iou_topk,mean_spearman
Grad-CAM,0.24539,,0.458078,-0.018182,0.705432,0.84747,,,
Robust-CAM (mean),0.241312,,0.533796,-0.027273,0.704692,0.540361,0.02975,0.435922,0.751606
Robust-CAM (median),0.241574,,0.538999,-0.009091,0.704164,0.540361,0.02975,0.442826,0.744204
LIME,0.181297,,,-0.145455,,,,,
SHAP,0.302408,,,0.0,,,,,
Voting mask,0.288693,,,0.05,,,,,
